Bond,Yield,24h Δ,24h %Δ
Australia 10Y,3.634,-0.014000000000000234,-0.3837719298245678
China 10Y,2.649,0.018000000000000238,0.684150513112894
